IP,Domains,Hashes
184.176.35.223,estudiovictorpacheco.com,b363e038a6d6326e07a02e7ff99d82852f8ec2d2
70.112.206.5,tomazellapresentes.com.br,8ccac360e2ca37b2fa9f5fa81b22114fb8936120
81.101.185.146,pryhmshift.com,ff285e80cfcdf400909561cceb181006be8b5d85
72.134.124.16,pathways4success.com,6a9a4cbcc63c8e185cc03dd8df00cf0c1600b026
90.55.106.37,brevardbusinessguide.com,bd16759475861864b5068ec01cbf7068456d5b60
176.202.45.209,heraldoturismo.com.br,
92.9.45.20,ladulceriacandiesnmorellc.com,
23.30.22.225,temeculatireshop.com,
79.77.142.22,plantationlandscapingandirrigation.com,
161.142.103.5,centraltrucks.com.br,
23.30.173.133,chancerylaw.net,
86.45.66.141,hazonchurch.org,
119.82.123.160,getbuttn.com,
12.172.173.82,androidposme.com,
162.248.14.107,myanmargolffederation.org,
116.72.250.18,ingenieriacamporiego.com,
23.30.22.225,ride1atv.com,
86.98.23.66,fortune.travel,
103.141.50.79,internationalvocalcoach.com,
71.31.100.192,goldenmoviesawards.com,
90.104.151.37,lesdelicesdeyannick.com,
84.155.13.118,teleguiando.com,
98.145.23.67,,
12.172.173.82,,
59.28.84.65,,
172.248.42.122,,
136.244.25.165,,
103.123.223.141,,
43.243.215.210,,
92.97.227.224,,
103.42.86.42,,
90.70.150.94,,
195.74.245.190,,
176.133.4.230,,
24.139.11.137,,
96.87.28.170,,
76.80.180.154,,
92.189.214.236,,
78.159.145.17,,
24.236.90.196,,
86.225.214.138,,
88.126.94.4,,
58.186.75.42,,
103.113.68.33,,
71.171.83.69,,
47.205.25.170,,
176.142.207.63,,
14.192.241.76,,
12.172.173.82,,
24.206.27.39,,
75.109.111.89,,
201.244.108.183,,
76.178.148.107,,
197.0.93.198,,
112.222.83.147,,
72.88.245.71,,
157.119.85.203,,
103.111.70.66,,
86.171.191.31,,
84.215.202.8,,
92.27.86.48,,
50.68.204.71,,
72.200.109.104,,
114.143.176.235,,
12.172.173.82,,
184.182.66.109,,
122.186.210.254,,
103.144.201.53,,
70.28.50.223,,
74.66.134.24,,
89.79.229.50,,
12.172.173.82,,
73.36.196.11,,
77.126.11.114,,
89.129.109.27,,
70.28.50.223,,
92.239.81.124,,
92.149.250.113,,
12.172.173.82,,
186.64.87.204,,
174.171.130.96,,
190.78.69.250,,
71.38.155.217,,
155.190.1.4,,
87.57.13.215,,
174.118.63.123,,
49.175.72.99,,
84.35.26.14,,
47.34.30.133,,
81.229.117.95,,
136.232.184.134,,
201.210.85.178,,
84.108.200.161,,
198.2.51.242,,
75.98.154.19,,
69.133.162.35,,
91.169.12.198,,
47.21.51.138,,
12.172.173.82,,
49.245.95.124,,
67.248.21.32,,
64.121.161.102,,
70.28.50.223,,
35.143.97.145,,
139.226.47.229,,
92.1.170.110,,
183.87.163.165,,
91.160.70.68,,
50.68.204.71,,
172.115.17.50,,
213.67.139.53,,
85.2.185.70,,
27.253.11.10,,
213.91.235.146,,
50.68.204.71,,
99.228.131.116,,
72.203.216.98,,
122.184.143.83,,
50.68.186.195,,
108.32.72.145,,
83.77.208.166,,
47.205.25.170,,
12.172.173.82,,
24.236.90.196,,
75.109.111.89,,
45.50.233.214,,
86.209.8.236,,
92.154.17.149,,
59.153.96.4,,
91.82.133.190,,
197.92.131.255,,
103.42.86.42,,
12.172.173.82,,
73.36.196.11,,
77.126.11.114,,
103.140.174.20,,
12.172.173.82,,
119.82.123.160,,
116.72.250.18,,
109.50.143.218,,
2.237.150.131,,
116.74.163.233,,
72.200.109.104,,
85.61.165.153,,
92.149.250.113,,
59.28.84.65,,
87.223.89.244,,
84.35.26.14,,
12.172.173.82,,
50.68.204.71,,
108.32.72.145,,
90.55.106.37,,
41.62.194.136,,
70.28.50.223,,
198.2.51.242,,
75.98.154.19,,
69.133.162.35,,
47.21.51.138,,
49.245.95.124,,
12.172.173.82,,
64.121.161.102,,
70.28.50.223,,
35.143.97.145,,
2.82.8.80,,
92.1.170.110,,
178.175.187.254,,
47.34.30.133,,
86.98.23.66,,
81.229.117.95,,
184.153.132.82,,
50.68.204.71,,
109.154.254.126,,
213.67.139.53,,
172.115.17.50,,
109.159.118.65,,
144.64.226.144,,
50.68.186.195,,
213.91.235.146,,
186.64.87.204,,
75.143.236.149,,
174.4.89.3,,
71.31.232.65,,
70.28.50.223,,
36.152.128.5,,
71.38.155.217,,
70.28.50.223,,
27.109.19.90,,
50.68.204.71,,
12.172.173.82,,
76.170.252.153,,
99.228.131.116,,
81.150.42.123,,
88.122.133.88,,
86.176.87.35,,
103.113.68.33,,
74.66.134.24,,
176.142.207.63,,
157.119.85.203,,
103.111.70.66,,
103.111.70.66,,
103.144.201.53,,
92.239.81.124,,
86.97.66.70,,
100.6.31.96,,
70.51.153.108,,
84.215.202.8,,
89.129.109.27,,
213.66.245.200,,
151.65.213.208,,
105.184.103.142,,
86.195.14.72,,
86.45.66.141,,
174.171.10.179,,
151.51.235.22,,
91.165.188.74,,
12.172.173.82,,
162.248.14.107,,
72.203.216.98,,
71.31.100.192,,
90.93.132.149,,
84.155.13.118,,
112.222.83.147,,
67.10.2.240,,
70.160.80.210,,
12.172.173.82,,
86.130.9.243,,
72.134.124.16,,
161.142.103.5,,
80.12.88.148,,
136.244.25.165,,
92.9.45.20,,
102.156.77.237,,
98.145.23.67,,
185.69.145.198,,
2.36.64.159,,
81.101.185.146,,
109.11.175.42,,
107.146.12.26,,
201.244.108.183,,
49.175.72.99,,
